label;tag
снижение кровоток гладкий мышца;action
диарея;side_e
периферический действие;action
«кошмарный» сновидение;side_e
ингибитор протонный помпа;group
устранять вазоконстрикторный воздействие;action
повышение частота сердечнососудистый заболеваемость и смертность;side_e
сиролимус;prepare
усугубление симптом сердечный недостаточность;side_e
симптом паркинсонизм;side_e
усиливает глюконеогенез;action
повышенный потоотделение;side_e
функция печень;side_e
агрессия;side_e
нарушение мочеиспускания;side_e
кожный зуд с высыпание и без высыпание;side_e
норэпинефрин;prepare
тяжёлый анафилактический;side_e
блокировать система транспорт ион в толстой сегмент восходить колено петля генль na+;mechanism
снижение толерантность к глюкоза;side_e
потребовать подбор более высокий доза;action
средства, действующий на ренин-ангиотензиновый система;group
появление суицидальный мысль и поведение;side_e
антагонисты альдостерона и другие калийсберегающие диуретики;group
связать с механизм действие;action
смерть;side_e
селективный ингибитор обратный захват серотонин (5-нт) с высокий аффинность к первичный активный центр;mechanism
антагонисты рецепторов ангиотензина ii;group
гиперлипидемия;side_e
шум в ухо;side_e
нарушение координация движение;side_e
гастрит;side_e
гипертензия;side_e
фуросемид;prepare
снижение содержание объем жидкость;action
способствовать периферический вазодилатация;mechanism
устранять вазоконстрикторный воздействие сосуд венозный;action
инфекция мочевыводящий путь;side_e
тревога;side_e
онихолиз;side_e
подкожный;absorbtion
тромбоцитоз;side_e
мышечный боль;side_e
органический азотсодержащий соединение;group
повышение содержание калий в;side_e
снижение симпатическая активность;action
нарушение вестибулярный аппарат;side_e
лекарственный средство, снижать ад;group
селективный блокатор кальциевый канал с преимущественный действие на сосуд;group
вазодилатация;action
нефрокальциноз/нефролитиаз;side_e
лекарственный сыпь с эозинофилия;side_e
периферическая нейропатия;side_e
кардиотоксический и нейротоксический действие;side_e
потливость;side_e
триметоприм;prepare
печёночный колика;side_e
вызывает выведение фосфат;action
производный дигидропиридиновый ряд;group
отёк;side_e
подавление деятельность костный мозг;side_e
фоточувствительность;side_e
уменьшать концентрация глюкоза в плазма кровь;action
диуретический эффект;action
ангиоиммунобластная Т-клеточная лимфома;side_e
вызывать различный степень седации;side_e
соль калий;group
дизгевзия;side_e
учащенный мочеиспускание;side_e
снижать общий периферический сосудистый сопротивление артериальный давление;mechanism
снижение давление наполнение;action
выраженный брадикардия;side_e
растительный средство, содержать зверобой продырявить;group
аритмия;side_e
дискинезия;side_e
одновременный применение с ингибитор мао (моноаминоксидаза);banned
блокатор медленный кальциевый канал;group
снижение реабсорбция эпителий каналец ион натрий;action
прерывать канальцево-клубочковый обратный связь в macula densa;action
половой гормон;hormone
задерживать всасывание глюкоза в кишечник;mechanism
мегалобластной анемия;side_e
нарушение атриовентрикулярный проводимость;side_e
неконтролируемый изменение ад;side_e
тромбоцитопения;side_e
гиперплазия десна;side_e
повышение тонус мышца мочевой пузырь;side_e
хориоидальный выпот;side_e
нарушение мышления;side_e
жкт эритроциты;absorbtion
ксантопсия;side_e
нистагм;side_e
увеличивать ударный объем кровь;action
снижать канальцевый реабсорбция вода;action
поражение кожа по тип псориаз и красный плоский лишать;side_e
повышение концентрация циклический гуанозинмонофосфат (цГМФ);mechanism
низкий аффинность рецептор холинергический мускарин;mechanism
ара ii;group
бигуанид;group
чувство дискомфорт;side_e
предотвращать снижение внутриклеточный концентрация аденозинтрифосфат;mechanism
желудочный кровотечение;side_e
гипомагниемия;side_e
кровавая рвота;side_e
дигоксин;prepare
лихеноидный реакция;side_e
повышение тонус миокард;action
активный метаболит-периндоприлат;metabol
тромбоэмболия ветвь лёгочный артерия;side_e
повышение активность калликреин-кининовый система тканевый;mechanism
снижение секреция альдостерон;mechanism
повышение внутриклеточный концентрация циклический аденозинмонофосфат адренорецептор α;mechanism
макулопатия;side_e
кишечник;excretion
пролактин;hormone
допамин;prepare
моноаминоксидаза;metabol
нефротический синдром;side_e
повышение концентрация билирубин в плазма кровь;side_e
сухой кашель;side_e
эналаприлат;prepare
субтоксический и токсический доза;noun
эпителий кишечник;metabol
низкий аффинность рецептор d1;mechanism
повышение плазменный концентрация ангиотензин ii;action
действие антигипертрофичекий;action
сухость слизистый оболочка полость рот;side_e
снижением общего периферического сопротивления сосудов;action
препятствовать задержка вода;mechanism
сосуд артериальный;action
абдоминальный боль;side_e
другой вегетативный симптом;side_e
афтозный стоматит;side_e
ринорей;side_e
повышение соэ;side_e
нарушение памяти;side_e
выраженный брадикардия с чсс не более 40 уд/мина;side_e
тормозить патологический возбуждеие;action
суицидальный поведение;side_e
не оказывать фармакодинамика;action
повышение концентрация азот мочевина в плазма кровь;side_e
высвобождение альдостерон;action
индуктор изофермент cyp3a4;metabol
измененией характер стул;side_e
синдром Стивенса-Джонсона;side_e
натрийуретический эффект;mechanism
жкт верхний отдел;absobtion
производный дигидропиридин;group
активный метаболит;noun
узловой тахикардия;side_e
реакция фотосенсибилизация;side_e
расширение коронарный сосуд;action
ощущение сердцебиение;side_e
глюкозурия у пациент с сахарный диабет;side_e
жкт;absorbtion
язвы;side_e
повышать общее периферическое сосудистое сопротивление;action
снижение артериальный давление;action
сохранять уровень высокоэнергетический фосфат в клетка миокард;action
увеличение выделение вода;action
адренорецептор β2;mechanism
анурия;side_e
повышение концентрация креатинин;side_e
уремия;side_e
периферический отек;side_e
трахеобронхит;side_e
ситаглиптина;prepare
телитромицин;prepare
нарушение проводимость;side_e
психомоторный реакция;side_e
снижение содержание ангиотензин ii;mechanism
вазоспазм;side_e
адренорецептор β1 постсинаптический;mechanism
кровоподтек;side_e
функция функция почка;side_e
пентамидин;prepare
ренин;hormone
псориазоподобный дерматит;side_e
никтурия;side_e
расширение комплекс qrs на экг;side_e
ингибитор натрий-зависимый переносчик глюкоза 2 тип;mechanism
сердечный гликозид;group
гепатит;side_e
боль в грудной клетка;side_e
расслаблять гладкомышечный клетка жёлчный проток;action
низкий аффинность рецептор гистамин h1;mechanism
антагонисты альдостерона;group
подагрический артрит;side_e
мочегонное действие;action
нитрат короткий и пролонгировать действие;group
инфаркт лёгкий;side_e
нарушение продукция;action
тяжёлый анафилактоидный реакция;side_e
повышение концентрация мочевина в сыворотка кровь;side_e
выраженное снижение ад;side_e
подавлять калийвыводить эффект;mechanism
миалгия;side_e
фибрата;group
метаболитический нарушение;action
повышение концентрация холестерин в кровь;side_e
опиоид;group
транзиторный ишемический атака;side_e
развитие толерантность;side_e
дофамин;prepare
аллергический реакция;side_e
цереброваскулярный инсульт;side_e
понижение артериального давления;side_e
ацетазоламид;prepare
остеомаляция;side_e
кининаз ii;noun
повышение концентрация креатинин в плазма кровь;side_e
натрий дисульфита;prepare
стимулировать образование оксид азота в эндотелиоцит;action
эндотелиальный релаксировать фактор;mechanism
лекарственная зависимость;side_e
раздражение желудок;side_e
одышка;side_e
уменьшать выделение слюна;side_e
ингибирование цог-1;mechanism
синдром слабость синусовый узел;side_e
некроз кожа и подкожный клетчатка;side_e
баланит;side_e
агранулоцитоз;side_e
положительный результат тест на антинуклеарный антитело;side_e
обморочный;side_e
блокировать;mechanism
бледность;side_e
увеличение скорость оседание эритроцит;side_e
токсический эпидермальный некролизприпухлость;side_e
активироваться система простагландин;mechanism
уменьшение образование ион бикарбонат;action
действие кардиопротективный;action
потоотделение;side_e
развитие;side_e
сертралин;prepare
носовой кровотечение;side_e
головная боль;side_e
снижение миокард;action
процесс реполяризация желудочек сердце;noun
концентрация мочевой кислота в сыворотка кровь;side_e
гиперальгезия;side_e
лс, удлинять интервал qt, не относиться к антиаритмический средство;group
неадекватный секреция антидиуретический гормон;side_e
петлевой;group
при попадание препарат под кожа;action
каптоприл;prepare
афтозный язва;side_e
влияние на гипоталамо- гипофизарный ось;action
конкурентный антагонист альдостерон;mechanism
спутанность сознания;side_e
поражение почка;side_e
нитритоидный реакция;side_e
предотвращать проникновение ион кальций;mechanism
с возможный летальный исход;side_e
белок плазма кровь;link_prot
гипестезия полость рот;side_e
инфекция мочевыводить путь;side_e
задержка жидкость;side_e
вертиго;side_e
угнетение контринсулярный система;side_e
увеличивать сердечный сокращение сила;action
белками плазмы;prot_link
внимание;side_e
av блокада i степень;side_e
гирсутизм;side_e
меноррагия;side_e
ортостатический головокружение;side_e
альфа и бета-адреноблокатор;group
гиперемия кожный;side_e
обоняние;side_e
антиангинальный действие;action
циркулировать;mechanism
панкреатит с летальный исход;side_e
фурункулез;side_e
серозита;side_e
ангионевротический отёк лицо, конечность, губа, язык, гортань и/или глотка;side_e
действие миотический;action
вазодилататор для лечение заболевание сердце;group
снижение концентрация ангиотензин II в плазма кровь;action
анемия;side_e
снижение ион калий;action
адренокортикотропный гормон;hormone
эритропения;side_e
ингибирование гликогенолиз;mechanism
dress-синдром;side_e
сульфаметоксазол;prepare
расслабление гладкий мышца сосудистый стенка;action
с нарушение показатель гемодинамика;side_e
дилатация коронарный сосуд;action
валсартан;prepare
трансмембранный перенос ион натрий;action
дисфория;side_e
повышение артериальное давления;side_e
недостаточный секреция антидиуретический гормон;side_e
почки;excretion
дисгевзия;side_e
возможный усугубление симптом сердечный недостаточность;side_e
пресинкопальный состояние;side_e
кожный аллергический реакция;side_e
повышать риск развитие;action
фенитоин;prepare
препараты, ингибирующие синтез мочевой кислоты;group
баклофен;prepare
увеличивать сердечный сокращение частота;action
ugt1a9;metabol
одноцветный зрительный галлюцинация;side_e
повышение активность «печеночный» фермент;side_e
незначительно связывается с белками плазмы крови;metabol
тиазид;group
металлический привкус в рот;side_e
мышечный слабость;side_e
галлюцинации;side_e
ощущение сердцебиения;side_e
почечный недостаточность;side_e
нарушение проводимость сердце;side_e
некроз кишечник;side_e
гиперурикемия;side_e
гемоконцентрация;side_e
кома;side_e
белкок плазма кровь;prot_link
антагонист альдостерон и другой калийсберегающий диуретик;group
повышенная возбудимость;side_e
анафилактический/анафилактоидный реакция;side_e
скелетно-мышечный боль;side_e
увеличение концентрация лактат в сыворотка кровь;side_e
фотосенсибилизация;side_e
извращение вкус;side_e
ингибирует ксантиноксидаза;mechanism
соталола;prepare
кардиоваскулярный смерть;side_e
усиление сердечнососудистый эффект;side_e
увеличиваться ударный объём кровь;action
повышение концентрация;action
печёночный энцефалопатия;side_e
ортостатический гипотензия;side_e
блокировать синтез тромбоксан А2;mechanism
подавление активность раас;mechanism
стеноз сосуд;side_e
угнетение фермент гипоксантин-гуанин фосфорибозил-трансферазa;mechanism
кортикостероид;group
вазоконстрикторный действие;mechanism
почечный колика;side_e
экстрапирамидальный расстройство;side_e
изменение цвет кожа;side_e
адренорецептор β1 синаптический;mechanism
гиперкреатининемия;side_e
тахиаритмия;side_e
эксфолиативный дерматит;side_e
av блокада;side_e
уменьшать гипертрофия левый желудочек;action
нарушение со сторона синусовый пазуха;side_e
развитие острый почечный недостаточность;side_e
избирательно блокировать рецептор подтип AT1;mechanism
декомпенсация уже иметься сахарный диабет;side_e
карведилол;prepare
тяжёлый кожный аллергический реакция;side_e
гипоксия;side_e
кровотечение во время медицинский процедура;side_e
учащенное мочеиспускание;side_e
синдром «отмена»;side_e
раздражительность;side_e
тубулоинтерстициальный нефрит;side_e
повышение внутриклеточный концентрация циклический аденозинмонофосфат адренорецептор β;mechanism
перераспределение в область с снизить кровообращение;action
«сухой» кашель;side_e
риск;side_e
снижение ад;action
увеличение активность ренин в плазма кровь;mechanism
гипоксия ткань;side_e
повышенный утомляемость;side_e
расстройство личность;side_e
мультиформный эритема;side_e
отёк квинке;side_e
ангионевротический отек;side_e
судорога в икроножный мышца нога;side_e
метформин;prepare
«прилив» кровь к кожа лицо;side_e
снижение секреция альдостерон;action
ugt1a8;metabol
дегидратация;side_e
повышение риск ортостатический гипотензия;side_e
грейпфрутовый сок;prepare
экстрасистолия;side_e
охлаждение конечность;side_e
антиаритмический средство, удлинять интервал qt;group
уменьшать общий периферический сосудистый сопротивление;action
недомогание, возможно, связанный с брадикардия;side_e
устранять ингибирующее влияние на секреция ренин;action
раздражение глаз;side_e
тканевый активатор плазминоген в;group
эверолимус;prepare
подавление высвобождение альдостерон;action
пурпур;side_e
сосуд венозный;action
затрудненное и болезненное мочеиспускание;side_e
тромбоцит;side_e
спутанность сознание;side_e
ринит;side_e
гипертонический криз;side_e
угнетение реабсорбция;mechanism
ингибирование ih-канал;mechanism
острый респираторный дистресс-синдром;side_e
сыпь;side_e
ишемия головной мозг;side_e
снижение гематокрит;side_e
нарушение с стороны кожа;side_e
фозиноприл;prepare
повышение концентрация мочевина в плазма кровь;side_e
рамиприл глюкуронид;prepare
варфарина;prepare
фарингит;side_e
растворение кристалл мочевой кислота;action
не влиять на сократительный способность миокард;action
эритродермия;side_e
гипертриглицеридемия;side_e
действие антидиуретический;action
снижать реакция сосуд на катехоламин;mechanism
уменьшать работа сердце;action
ингибитор распад брадикинин;action
анорексия;side_e
появление положительный антинуклеарный антитело (ана);side_e
блокатор адренорецептор β1;mechanism
мерцание и трепетание предсердие;side_e
увеличение концентрация сывороточный креатинин;side_e
гематома;side_e
заложенность нос;side_e
чувство усталость;side_e
увеличивает почечный кровоток;action
кровоизлияние в кожа;side_e
анафилаксия;side_e
синусовый брадикардия;side_e
мышечный судорога;side_e
недержание моча у женщина, обратимый;side_e
нарушение функция почек;side_e
эритромицин;prepare
сосудорасширяющий действие;action
снижение градиентный фильтрация плазма в полость желудочек мозг;action
угнетать сосудистый компонент формирование болевой синдром;mechanism
улучшать кровоснабжение ишемизированный миокард;mechanism
развитие нарушение водный-электролитный баланс;side_e
«прилив» (прилив кровь к лицо);side_e
диплопия;side_e
уменьшать превращение ангиотензин i в ангиотензин ii;mechanism
гиперемия лицо;side_e
петехия;side_e
оказывать сосудорасширяющий действие;action
хроматурия;side_e
гепо-спленомегалия;side_e
рефлекторный снижение частота сердечный сокращение;action
атенолол;prepare
конъюнктивит;side_e
блокировать реабсорбция ион натрий и хлор в начало почечный каналец;mechanism
координация движение;side_e
альбумин;noun
противоподагрический препарат;group
аутоиммунный заболевание;side_e
антиаритмический действие;mechanism
метаболический алкалоз;side_e
кардиотонический средство негликозидный структура;group
влияние на показатель ад и общий периферический сосудистый сопротивление (опсс);action
повышаться активность ренин в плазма кровь;mechanism
угнетение цнс;side_e
нитратоподобный реакция;side_e
обострение системный красный волчанка;side_e
селективный ингибитор обратный захват серотонин (5-НТ) в нейронах;mechanism
звон в ухо;side_e
лейкоцитокластический васкулит;side_e
пемфигус;side_e
боль в область грудина и средостение;side_e
увеличивать транспортный ёмкость весь тип мембранный переносчик глюкоза;mechanism
высыпание на кожа;side_e
дерматит;side_e
нарушение экскреция урат почка;side_e
амлодипин;prepare
кровотечение из желудочнокишечный тракт;side_e
тетания;side_e
иммунодепрессант;group
ингибитор апф;mechanism
повышенный утомляемость с смена настроение, слабость, раздражительность, расстройство сон и др;side_e
рамиприл;prepare
центральный действие;action
цизаприд;prepare
восстановление эластичность крупный артерия;action
тремор;side_e
острый панкреатит;side_e
электролитный нарушение;side_e
адренергические и дофаминергические средства;group
ugt1a3;metabol
расширение сосуд;action
отрицательный дромотропный эффект;action
низкий аффинность рецептор 5-ht2;mechanism
обострение течение подагра;side_e
изофермент система цитохром р450 (изофермент cyp3a4);metabol
когнитивный нарушение/галлюцинация;side_e
соль литий;group
диафорез;side_e
вертигоощущение сердцебиение;side_e
повышение концентрация мочевина в кровь;side_e
пирексия;side_e
снижение реабсорбция эпителий каналец бикарбонат;action
сухость в рот;side_e
снижение вес;side_e
av проводимость (атриовентрикулярный проводимость);side_e
галофантрина;prepare
глюкозурия;side_e
блокатор кальциевый канал;group
активация рецепторзависимый аденилатциклаза;mechanism
развитие полиморфной желудочковой тахикардии типа «пируэт»;side_e
мелькание «мушка» перед глаз;side_e
инфаркт миокард;side_e
повышенный нервозность;side_e
лейкопения;side_e
кишечник;metabol
заболевание костный мозг;side_e
угнетение дыхание;side_e
гриппоподобный синдром;side_e
тахакардия;side_e
противоподагрические препараты;group
антагонист рецептор ангиотензин ii;group
дискомфорт в область желудок;side_e
гипокальциемия;side_e
пузырчатка;side_e
рабдомиолиз;side_e
псевдолимфома кожа;side_e
синоаурикулярный (sa) блокада;side_e
повышение тонус мышца;side_e
боль в мышца;side_e
толерантность;side_e
насильственный подёргивание мышца;side_e
лекарственный зависимость;side_e
вульвовагинит;side_e
снижать кровоснабжение внутренний орган;action
повышение температура тело;side_e
чихание;side_e
расслаблять гладкомышечный клетка мочевыводящий путь;action
гепатоцеллюлярный поражение;side_e
паралич;side_e
гамма-глутамилтрансфераза (ггт);side_e
нарушение вкус;side_e
тиннитус;side_e
воздействие на ренин-ангиотензинальдостероновый система (раас);mechanism
повышение содержание калий в сыворотка кровь;side_e
психоаналептик;group
задержка моча;side_e
преходящий нечёткость зрение;side_e
повышаться риск развитие гиперкалиемия;side_e
уменьшать потребность миокард в кислород;action
реакция повышать чувствительность;side_e
эналаприл;prepare
уменьшение концентрация ангиотензин ii;mechanism
ивабрадин;prepare
усугубление течение псориаз;side_e
изменение картина периферический кровь;side_e
олигоспермия;side_e
ингибировать трансмембранный переход ион кальций в кардиомиоцит;mechanism
риск образование конкрементов в моча;side_e
повышение концентрация калий в сыворотка кровь;side_e
белок плазма кровь;prot_link
желудочковый или наджелудочковый аритмия;side_e
увеличение активность «печёночный» трансаминаза;side_e
обесцвечивание волос;side_e
суицидальный мысль;side_e
усиление отрицательный инотропный действие;side_e
диуретическое средство;group
парестезии;side_e
зевательный судорога;side_e
цитохром cyp3a4;metabol
прессорный действие;side_e
канренон;metabol
антиангинальный действие;mechanism
средства для лечения заболеваний сердца;group
повышать утилизация глюкоза клетка;mechanism
мужское бесплодие;side_e
почечная недостаточность;side_e
опоясывать герпес;side_e
действие жаропонировать;action
сужение зрачок;side_e
корытообразный депрессия сегмент st;side_e
увеличиваться выведение ион магний;action
не оказывать фармакокинетика и фармакодинамика;action
спазм в желудок;side_e
интестинальный отёк;side_e
av блокада ii и iii степень;side_e
желудочнокишечный тракт;absorbtion
ангионевротический отек в виде отека губ или языка;side_e
ингибировать трансмембранный переход ион кальций гладкомышечный клетка сосудистый стенка;mechanism
снижение концентрация ангиотензин ii в плазма кровь;mechanism
удлинение корригировать интервал qtc;side_e
фибрилляция желудочек с летальный исход и коллапс;side_e
увеличение диурез;action
светобоязнь;side_e
увеличение скорость оседание эритроцит (соэ);side_e
печени;metabol
снижение острота зрение;side_e
отек;side_e
адренорецептор;mechanism
боль;side_e
удлинение интервал qt на экг;side_e
параплегия;side_e
не биотрансформироваться в организм;metabol
саксаглиптин;prepare
другой кожный реакция;side_e
снижение внутриглазный давление;action
задержка мочеиспускание;side_e
ночные кошмары;side_e
повышение активность «печёночный» фермент;side_e
снижение реакция гладкий мускулатура сосуд на вазоконстрикторный воздействие;mechanism
трансмембранный перенос ион;action
минералокортикостероид;group
действие анальгезирующий;action
зверобой продырявить;prepare
положительный инотропный действие;action
подавление активность неприлизин;mechanism
итраконазол;prepare
селективный ингибитор обратный захват серотонин;group
раздражение слизистый оболочка желудок, вкус;side_e
изжога;side_e
изопротеренол;prepare
препарат золото;group
язва;side_e
артрит;side_e
эйфория;side_e
нефротоксический действие;side_e
кожный сыпь;side_e
повышает скорость клубочковой фильтрации;action
синдром «беспокойный нога»;side_e
снижение содержание ион натрий;action
повышение активность «печёночный» фермент в плазма кровь;side_e
повышение концентрация триглицерид в сыворотка кровь;side_e
гипербилирубинемия;side_e
тревожное состояние;side_e
центральный действие замедлять сердечный ритм;action
ингибитор гмг-коа редуктаз;group
панический атака;side_e
головокружеие;side_e
ингибитор поздний ток ион натрий в клетка миокард;mechanism
лизиноприл;prepare
послеродовой кровотечение;side_e
трициклический антидепрессант;group
усиливает гликогенолиз;action
на центральный нервный система;side_e
эректильный дисфункция;side_e
кольцевидный эритема;side_e
дисфония;side_e
улучшение кровоснабжение миокард;action
метаболический ацидоз;side_e
расширение сосуды скелетный мускулатура;action
лекарственный средство (лс), удлинять интервал qt;group
снижать желудочно-кишечный тракт тонус;action
антагонист альдостерона;mechanism
сохранять энергетический метаболизм клеток;action
снижение гемоглобина и гематокрита;side_e
усиление выведение ион бикарбонат;mechanism
подавлять негативный эффект ангиотензин ii сердечно-сосудистый система;action
уменьшать кровенаполнение пещеристый тело;action
замедление атриовентрикулярный проводимость;side_e
линаглиптина;prepare
панкреатит;side_e
снижаться работа сердце и уменьшаться потребность миокард в кислород;action
эсциталопрам;prepare
полиморфный желудочковый тахикардия тип «пируэт»;side_e
антигипертензивный эффект;action
уменьшать гипертрофия левый желудочек;mechanism
снижение транспорт натрий внутрь клетка проксимальный отдел нефрон;action
антигипертензивное действие;action
сердечный недостаточность;side_e
гепато-спленомегалия;side_e
удлинение интервал qt;side_e
фульминантный некроз печень;side_e
припухлость сустав;side_e
триметазидин;prepare
хождение во сне;side_e
повышенный потливость;side_e
при одновременный применение;noun
увеличиваться активность калликреин-кининовый система тканевый;mechanism
ренин в плазма кровь;mechanism
многоформный эритема;side_e
синдром стивенс-джонсон;side_e
лактоацидоз;side_e
печень;metabol
мочекаменная болезнь;side_e
указанный лекарственный средство;noun
эритема;side_e
постуральной головокружение;side_e
анафилактический и анафилактоидный реакция;side_e
флуконазол;prepare
лёгочный инфильтрат;side_e
снижать концентрация общий холестерин;mechanism
снижаться секреция альдостерон;mechanism
антитромботический средство;group
болевой синдром;side_e
риск развитие гиперкалиемия;side_e
эозинофильный пневмонит;side_e
желудочковый экстрасистолия (бигеминий, политопный желудочковый экстрасистолия);side_e
боль в желудок;side_e
психотический расстройство;side_e
гипоперфузия;side_e
эритроцитами;prot_link
гипестезия;side_e
повышение артериальный давление диастолический;action
астенический синдром;side_e
гипогликемический действие;mechanism
мышечный сокращение;side_e
увеличение секреция калий в дистальный часть почечный каналец;action
гематологический нарушение;side_e
повышать утомляемость;side_e
миотония;side_e
снижать выработка глюкоза печень;mechanism
нарушение функция печень;side_e
усиление психологический эффект;mechanism
снижение гемоглобин;side_e
сохранение клеточный гомеостаз;action
постнагрузка;action
расслаблять гладкомышечный клетка тонкий и толстой кишечник;action
увеличение синтез простагландин е2;mechanism
средство, действовать на ренинангиотензиновый система;group
действие гипотензивный;action
походка;side_e
поллакиурия;side_e
аменорея;side_e
депрессия;side_e
холестаз (включая желтуха);side_e
потребность миокард в кислород;mechanism
подавлять агрегация тромбоцит;mechanism
гиперчувствительность (аллергический реакция);side_e
непереносимость препарат;side_e
нарушение со стороны полости рта;side_e
увеличивать синтез простагландин;mechanism
ингибирование карбоангидраза;mechanism
отек лицо;side_e
аспартатаминотрансфераза (аста);side_e
препарат, не влиять на метаболизм мочевой кислота;group
увеличивать выведение ион натрий и хлор;mechanism
паранойя;side_e
уменьшение выделение альдостерон;mechanism
блокатор адренорецептор β2;mechanism
аллергический дерматит;side_e
тик;side_e
глоссит;side_e
действие седативный;action
холестатический желтуха;side_e
артериальная гипотензия;side_e
анафилактоидный реакция;side_e
снижать общее периферическое сосудистое сопротивление;action
шок (у пациент с бронхиальный астма);side_e
недостаточность витамин в 12;side_e
уменьшение слезоотделение;side_e
желудочно-кишечный кровотечение;side_e
тошнота;side_e
антиаритмический действие;action
панцитопения;side_e
окрашивание видимый предмет в жёлтый-зелёный цвет;side_e
паросмий (восприятие запах);side_e
гиперемия кожа лицо;side_e
нарушения зрения;side_e
кровоточивость десен;side_e
вагинальный кандидоз;side_e
гинекомастия;side_e
головный боль;side_e
псориаз;side_e
кандесартан;prepare
нарушение действие;action
вызывать увеличение активность ренин в плазма кровь;mechanism
снижать артериальный давление;action
повышение активность ренин плазма кровь;action
обморок;side_e
ингибитор cyp3a4;group
быстро и практически полностью всасываться в желудочный-кишечный тракт после приём внутрь;absorbtion
эплеренон;prepare
препятствовать задержка натрий;mechanism
повышать артериальный давление;action
повышение концентрация креатинин в сыворотка кровь;side_e
небиволол;prepare
действие противовоспалительный;action
анафилактический шок;side_e
метаболизироваться в печень;metabol
уменьшение вазопрессорный активность;action
профузный диарея;side_e
неустойчивость походка;side_e
снижать образование амилоидный фибрилл;mechanism
увеличивать поступление кислород в миокард;action
ранолазин;prepare
ажитация;side_e
ощущение сдавление в горло;side_e
калийсберегающий диуретик;mechanism
снижение концентрация ангиотензин ii;action
порфириягиперхлоремический ацидоз;side_e
ортостатическая гипотензия;side_e
поведение агрессивный;side_e
увеличение активность блуждать нерв;mechanism
бмкк;group
ii-iv класс по классификация nyha;noun
бессимптомное увеличение концентрации печеночных ферментов;side_e
нервозность;side_e
подавляет клеточное деление в стадии метафаза;mechanism
гипогликемический средство;group
клинически значимый влияние на он метаболизм и фармакокинетический свойство;metabol
вазодилатировать;action
мышечный кровоизлияние;side_e
кишечный непроходимость;side_e
ощущение;side_e
симпатолитический действие;mechanism
сужать сосуд;action
сокращение сфинктер желчевыводить путь;side_e
низкий аффинность рецептор бензодиазепин;mechanism
некроз ткань;side_e
желчь;excretion
нарушение пищеварение;side_e
сывороточный болезнь;side_e
метеоризм;side_e
острый генерализ ованный экзантематозный пустулёз;side_e
воздействовать на гликогенсинтаз;mechanism
формирование камень в почка;side_e
развитие кровотечение;side_e
повышение тонус;side_e
тремор палец рука;side_e
нарушение память;side_e
триамтерен;prepare
фибрилляция желудочек;side_e
восстановление эластичность крупный артерия;mechanism
уменьшать потребность;action
вазоконстрикция;action
общее недомогание;side_e
повышение рефрактерность атриовентрикулярный (av) узел;mechanism
ощущение жжение;side_e
внутрь;absorbtion
увеличение молочный железа;side_e
диуретический средство;group
антиагрегантный средство;group
антиангинальный;action
антидиуретический гормон;hormone
адренорецептор β1;mechanism
гипотензивный эффект;side_e
мидриаз;side_e
парентерально;absorbtion
симптом депрессия;side_e
ситаглиптин;prepare
бетаадреноблокатор;group
некротизировать ангиит (васкулит и кожный васкулит);side_e
с значительный уменьшение рабочий произведение (чсс × систолический ад), причём как в покой, так и при физический нагрузка;action
сертиндол;prepare
гипотензивный препарат;group
кровоизлияние;side_e
блокирует захват серотонина тромбоцитами;mechanism
беспокойство;side_e
пимозид;prepare
тиазидный диуретик;group
таллий хлорид (tl 201);prepare
снижение и повышениесердечный сокращение;side_e
дикетопиперазин;prepare
тромбоцитопенический пурпур;side_e
повышение титр антинуклеарный антитело;side_e
волчаночноподобный изменение кожибуллезный;side_e
калийсберегающий диуретик;group
серотониновый синдром;side_e
структура сосудистый стенка мелкий артерия;mechanism
церебральный ишемия;side_e
повышение тонус мышца сфинктер мочевой пузырь;side_e
уменьшать образование ангиотензин II;action
белками плазмы крови;prot_link
ugt2b7;metabol
сонливость;side_e
сердечно-сосудистый заболеваемость;side_e
наркотический;group
гипохлоремический алкалоз;side_e
подавление высвобождение ренин;action
суицидальные мысли/поведение;side_e
нарушение периферический кровообращение;side_e
повышение активность калликреин-кининовой система кровь;mechanism
снижение число лейкоцит;side_e
антиишемический эффект;action
местный реакция в вид боль;side_e
гранулёма в область кончик катетер;side_e
синкопе;side_e
увеличение скорость клубочковая фильтрация;action
двигательный беспокойство;side_e
обострение течение системный красный волчанка;side_e
уменьшение образование угольный кислота;action
атриовентрикулярный блокада;side_e
увеличение центральный венозный давление;action
прямой действие на атриовентрикулярный узел;mechanism
изменения частоты дефекации и характера стула;side_e
стимулировать действие α-адренорецептор периферический сосуд;mechanism
восстановление структура сосудистый стенка мелкий артерия;action
постуральный гипотензия;side_e
не оказывать клинически значимый влияние на фармакокинетика;action
остановка сердце;side_e
поведение панический;side_e
увеличение коронарный кровоток;action
увеличение количество выделять моча;action
уменьшать градиентный фильтрация плазма в полость желудочек мозг;action
уменьшать опсс;action
транзиторный миопия;side_e
звон;side_e
снижать преднагрузка;mechanism
увеличивать почечный кровоток;mechanism
отек лодыжек;side_e
увеличение концентрация мочевой кислота в кровь;side_e
другой препарат для лечение заболевание сердце;group
вызывает выведение магний;action
гипохлоремия;side_e
астения;side_e
периндоприлат;prepare
снижение артериальный давление (АД);action
ишемия миокард;side_e
угнетение биосинтез пурин;mechanism
уменьшать активность карбоангидраза;mechanism
галакторея;side_e
ингибировать действие na+/к +-атф-фаза на мембрана кардиомиоцит;mechanism
токсичность;side_e
боль в горло;side_e
повышение артериального давления;side_e
выраженный;side_e
снижение ад диастолический;action
синкопальный состояние;side_e
развитие или усугубление симптом хронический почечный недостаточность;side_e
стимулировать действие β-адренорецептор сердце;mechanism
вентрикулярный аритмия;side_e
вазодилатировать эффект;action
снижение внутриклеточный накопление натрий;mechanism
припухлость в область сустав (область лодыжка);side_e
обладать сосудорасширяющий действие;action
устранять вазоконстрикторный воздействие сосуд артериальный;action
усиление тремор;side_e
уменьшать концентрация мочевой кислоты кровь;mechanism
конъюнктивальный;absorbtion
эффект антиангинальный;action
расплывчатость изображение;side_e
увеличение выведение натрий;action
тромбоз;side_e
кристаллурия;side_e
тревожность;side_e
связываться с белками альбумины;mechanism
повысить риск развитие ангионевротический отёк;side_e
расслаблять гладкий мускулатура дыхательный путь;action
отёк нижний конечность;side_e
нарушение зрения/зрительные расстройства;side_e
печёночный недостаточность;side_e
изменение световосприятие (фотопсия);side_e
хинидин;prepare
быстро метаболизироваться в организм человек;metabol
лабильность настроение;side_e
акатизий;side_e
равновесие;side_e
повышение активность панкреатический фермент;side_e
адренергический адренергический и дофаминергический средство;group
выведение вода из организм;action
вызывает выведение кальций;action
урежение частота сердечный сокращение;mechanism
кровотечение из прямой кишка;side_e
подкожный кровоизлияние;side_e
сокращение он размер;action
ингибирование ih-канал сетчатки глаза;mechanism
селективный бетаадреноблокатор;group
суицидальный настроение и суицидальный поведение;side_e
ангионевротический отёк лицо, конечность, губа, язык;side_e
антиангинальный средство;group
обострение псориаз;side_e
в печень;metabol
фосфен;side_e
бледность кожный покров;side_e
уменьшение секреция альдостерон;action
повышение токсичность для центральный нервный система;side_e
угнетение костномозговой кроветворение;side_e
эффект антиишемический;action
повышение концентрация ангиотензин i;action
боль в живот;side_e
психотические нарушения;side_e
потенцирование;side_e
повышать возбудимость миокард;action
расстройство зрение;side_e
в желудочный-кишечный тракт;absorbtion
расширять сосуд;action
гепатонекроза;side_e
лейкопения/нейтропение;side_e
артралгия;side_e
повышение активность печёночный фермент;side_e
ингибировать β-окисление жирный кислота;mechanism
средство, угнетать цнс;group
повышение концентрация креатинин в кровь;side_e
ощущение электрошок;side_e
нечёткость зрительный восприятие;side_e
фозиноприлат;prepare
специфический антагонист рецептор ангиотензин ii;mechanism
сакубитрил;prepare
органический нитрат;group
оказывать центральный тормозить влияние симпатический тонус сосуд;mechanism
устойчивый урежение чсс;action
приводить к разнообразный психический нежелательный реакция;side_e
обеспечивать нормальный функционирование мембранный ионный канал;action
действовать на ренин-ангиотензиновый система;group
вирусный инфекция;side_e
лихорадка;side_e
постуральный головокружение;side_e
дисфагия;side_e
диуретик;group
вздутие живота;side_e
нарушение способность поддерживать равновесие;side_e
вазодилатировать действие;action
снижение постнагрузка;mechanism
дыхательный недостаточность;side_e
симвастатин;prepare
реакция фоточувствительность;side_e
увеличение почечный кровоток;action
ригидность мышца;side_e
кожный реакция с отслойка эпидермис;side_e
изменение когнитивный и сенсорный способность;side_e
головной боль;side_e
кардиотонические средства, кроме сердечных гликозидов;group
желудочковый пароксизмальный тахикардия;side_e
отёк дыхательный путь;side_e
снижение транспорт натрий внутрь клетка реснитчатый тело;action
рифампицин;prepare
острый почечный недостаточность;side_e
тяжёлый гиперкалиемия;side_e
депрессия сон;side_e
расширять зрачок;action
повышение аппетит;side_e
увеличивать экскреция ион магний;mechanism
аутоиммунный;side_e
регрессия симптом при отёк лёгкий;action
гипертермия с симптом;side_e
стимулировать синтез внутриклеточный гликоген;mechanism
антиагрегант, кроме гепарин;group
действие анальгезировать;action
снижение потенция;side_e
синдром исчезающих желчных протоков;side_e
увеличение натрийурез;action
артериальный гипертензия;side_e
подавить настроение;side_e
гепарин;prepare
производный сульфонамид;group
снижение функция почка;action
геморрагический инсульт;side_e
«прилив» кровь к лицо;side_e
общий недомогание;side_e
синдром неадекватный продукция антидиуретический гормон;side_e
тиазидный;group
жёлчный колика;side_e
сиалоаденит;side_e
снижать диастолический напряжение стенка желудочек;action
недомогание;side_e
на скорректировать интервал qt;noun
снижение давление в малый круг кровообращение;action
действие транквилизировать;action
обострение синдром «перемежаться» хромота;side_e
цитостатик;group
эрозия слизистый оболочка желудок и двенадцатиперстной кишка;side_e
синдром неадекватный секреция антидиуретический гормон (снс адг);side_e
острый печёночный недостаточность;side_e
стеаторея;side_e
увеличиваться активность калликреин-кининовый система циркулировать;mechanism
подавление;side_e
заторможенность;side_e
увеличивать риск развитие;action
раздражение в место введение;side_e
гранулоцитоз;side_e
снижаться конечный объём сердце систолический;action
летальный исход;side_e
уменьшение количество эритроцит;side_e
комбинированные пероральные гипогликемические средства;group
кал;excretion
гиперволемия;side_e
наджелудочковый экстрасистолия;side_e
боль за грудина;side_e
снижать преднагрузка артериальный давление;mechanism
аноргазмий;side_e
образование неактивный метаболит;metabol
боль в груди;side_e
с антиаритмический средство iii класс;group
охриплость голос;side_e
бета-адреноблокатор;group
язва желудок;side_e
гипопротеинемия;side_e
периферический отёк, фарингит;side_e
эластичность крупный артерия;mechanism
зрение;side_e
угнетение фагоцитоз микрокристалл соль мочевой кислота;mechanism
адреноблокатор;group
токсический действие;side_e
пемфигоидный реакция;side_e
риск развитие серотониновый синдром;side_e
селективный ингибитор обратного захвата серотонина;group
снижение миокард преднагрузка;action
изменение настроения;side_e
устраняться он ингибировать влияние на секреция ренин по тип отрицательный обратный связь;action
миорелаксировать действие;mechanism
адренорецептор β1 кардиоселективный;mechanism
зипразидон;prepare
замедление опорожнение желудок;side_e
колющий загрудинный боль;side_e
рацекадотрил;prepare
нейролептик;group
положительный тест на антинуклеарный антитело;side_e
отрицательный хронотропный действие;action
геморрагия;side_e
незначительный и клинически незначимый;noun
увеличение концентрация литий в сыворотка кровь;side_e
кровотечение из мочеполовой путь;side_e
риск развитие злокачественный аритмия;side_e
стимулировать at2 рецептор;action
мышечный спазм;side_e
средство, урежать сердечный ритм;group
парестезия;side_e
снижать общий периферический сосудистый сопротивление;mechanism
алфузозин;prepare
головокружение;side_e
повышение внутриклеточный концентрация ион кальций адренорецептор β;mechanism
мочь дополнительно увеличиваться;action
увеличивать доставка кислород в миокард;action
расслаблять гладкий мышца бронх;action
боль в спина;side_e
импотенция;side_e
отечность язык;side_e
cyp2d6;metabol
потенция;side_e
зевота;side_e
повышение артериальный давление;side_e
холецистит;side_e
серьёзный кожный;side_e
расслаблять гладкомышечный клетка жёлчный пузырь;action
нарушение водный-электролитный баланс;side_e
фелодипин;prepare
аллергический сыпь;side_e
не изменять скорость клубочковой фильтрации;action
высвобождение гистамин;mechanism
болезненность в место введение;side_e
действие эндотелиопротективный;action
токсический эпидермальный некролиз;side_e
нарушение со сторона предстательный железа;side_e
боль в конечность;side_e
низкий аффинность рецептор адренорецептор α1;mechanism
снижать активность ренин-ангиотензин-альдостеронов система (раас);mechanism
рамиприлат;prepare
повышение артериальный;side_e
не оказывать влияние;action
макрой микропсия;side_e
почка;exctretion
эритема (покраснение кожа);side_e
нарушение менструальный цикл;side_e
антигипертензивный действие;action
покраснение;side_e
снижение секреция водянистый влага передний камера глаза;action
увеличивать экскреция ион натрий, хлор и вода с моча;mechanism
расслабление миокард;action
ингибитор апф;group
апластическая анемия;side_e
снижать преднагрузка;action
учащённый сердцебиение;side_e
накопление брадикинин;action
развитие электролитный нары ушение;side_e
полиурия;side_e
усиление симптом хронический сердечный недостаточность;side_e
анафилактический;side_e
уменьшать концентрация мочевой кислоты моча;mechanism
подавлять негативный эффект ангиотензин ii почки;action
эстроген;group
блокатор «медленный» кальциевый канал (бмкк);group
гиперрефлексия;side_e
зуд;side_e
ав-блокада;side_e
снижение кровоток кожа;action
снижение концентрация альдостерон;action
окончание симпатический нерв;metabol
удлинение эффективный рефрактерный период;action
гипергидроза;side_e
кожный сыпь эритематозный характер;side_e
активироваться система простагландин е2;mechanism
расширение коронарный артерия и артериол;action
гиперкалиемия;side_e
выраженный артериальный гипертензия;side_e
инсулин;prepare
обладать высокий сродство к µ-опиоидный рецептор;mechanism
острый генерализовать экзантематозный пустулезть;side_e
увеличениемочеиспусканье;side_e
покраснение лица;side_e
мозговой кровообращение;side_e
снижать концентрация липопротеин низкий плотность;mechanism
увеличивать минутный объем кровь;action
симптом отмена;side_e
мочь вступать в взаимодействие;action
восстановление структура сосудистый стенка мелкий артерия;mechanism
блокатор;mechanism
улучшение кровоснабжение субэндокардиальный слой;action
бруксизм;side_e
адреналин;prepare
средство, оказывать влияние на раас;group
выведение избыток глюкоза почка;mechanism
моча;excretion
развитие приступ стенокардия;side_e
импотенция/сексуальный дисфункция;side_e
кашель;side_e
интерстициальный пневмония;side_e
низкий аффинность рецептор d2;mechanism
уменьшение секреция альдостерон кора надпочечник;mechanism
острый артериальный гипотензия;side_e
связывание с белок плазма кровь составлять примерно 70 %;prot_link
обострение подагра;side_e
снижение миграция лейкоцит в очаг воспаления;mechanism
повышение содержание калий;side_e
повышение концентрация креатинин в сыворотка крови;side_e
изменение реакция сетчатка на яркий световой стимул;mechanism
фатальный панкреатит;side_e
гиповолемия;side_e
бесплодие;side_e
кожный зуд;side_e
повышенный пототделение;side_e
фотопсия;side_e
лейкоцитоз;side_e
васкулит;side_e
периферический моторный нейропатия;side_e
эрозивный дуоденит;side_e
отслойка сосудистый оболочка глаз;side_e
синдром неадекватный секреция антидиуретический гормон;side_e
увеличение концентрация;mechanism
холестаз;side_e
почка;excretion
вилдаглиптин;prepare
другой;group
подавляет клеточное деление в стадии анафаза;mechanism
запор;side_e
жажда;side_e
ухудшение функция почка;side_e
скрежет зубами во сне;side_e
фибрилляция предсердие;side_e
снижать экскреция ион кальций с моча;mechanism
гиперхолестеринемия;side_e
расслаблять гладкомышечный клетка пищевод;action
периндоприл;prepare
7альф-тиометилспиронолактон;metabol
нарушение слух;side_e
острый приступ вторичный закрытоугольный глаукома;side_e
снижение аппетита;side_e
сублингвальный применение;absorbtion
периферический кровоток ускоряться без изменение частота сердечный сокращение (чсс);action
недостаточность;side_e
дефицит глюкозо-6фосфатдегидрогеназа;side_e
перфоративные язвы слизистой оболочки желудка и двенадцатиперстной кишки;side_e
нарушение сердечный ритм;side_e
ларингит;side_e
cyp2c19;metabol
вызывать расширение периферический артериол;action
кумулироваться;metabol
снижение содержание ангитензин ii в плазма кровь;mechanism
токсический воздействие препарат;side_e
гипертермия;side_e
катаракта;side_e
жёлчь;excretion
уменьшение секреция альдостерон;mechanism
снижать концентрация триглицерид;mechanism
замедление ав-проводимость;side_e
затруднение дыхание;side_e
внутричерепной кровотечение;side_e
уменьшать чрезмерный симпатический активность;action
рацекадотрить;prepare
дополнительный урежение чсс;action
радикулит;side_e
развитие некроз;side_e
расслаблять гладкомышечный клетка бронх;action
гидрохлоротиазид;prepare
периферический нейропатия;side_e
синдром стивенса6 джонсон;side_e
снижение почечный кровоток;side_e
манифестация латентно протекать сахарный диабет;side_e
конвульсия;side_e
барбитурат;prepare
ав блокада i степень;side_e
кожная сыпь;side_e
низкий аффинность рецептор адренорецептор β;mechanism
повышаться сила сокращение миокард;action
снижение ад систолический;action
риск развитие полиморфный желудочковый тахикардия тип «пируэт»;side_e
cyp3a4;metabol
снизить уровень сознание;side_e
уменьшать пред постнагрузка на сердце;action
коронарный недостаточность;side_e
выраженный артериальный гипотензия;side_e
действие противокашлевой;action
снижение кровоток почка;action
гипогликемический средство для приём внутрь;group
усугубление перемежаться хромота;side_e
уменьшать внутриклеточный ионный дисбаланс при ишемия;action
острый некроз скелетных мышц;side_e
кардиотонические средства;group
повышение потоотделение;side_e
острый миопия;side_e
снижение кровоток печень;action
агранулоцитоз или панцитопения;side_e
активировать мембраносвязанный рецептор, сопряжать с гуанилилциклаза;action
снижать давление в лёгочный капилляр артериальный давление;mechanism
тканевый;mechanism
ингибитор ангиотензинпревращающать фермент;mechanism
снижение либидо;side_e
нарушение сердечный проводимость;side_e
покраснение лицо;side_e
желудочно-кишечный тракт;absorbtion
психомоторный возбуждение;side_e
бессонница;side_e
снижение артериальный давление;side_e
острый нарушение мозговой кровообращение;side_e
инфекция верхний дыхательный путь;side_e
нитроглицерин;prepare
уменьшаться объём циркулировать жидкость;action
поражение зуб;side_e
бронхит;side_e
дезориентация;side_e
морфин;prepare
активация натрий/кальциевый обмен;action
эндотрахеальный;absorbtion
гипергликемия;side_e
гинекомастие;side_e
дигоксина;prepare
похолодание конечность;side_e
увеличение активность ренин;action
потенцировать антигипертензивный и брадикардический эффект;side_e
улучшение периферический кровоток без изменение чсс;mechanism
синкопальный;side_e
блокировать система транспорт ион в толстой сегмент восходить колено петля генль k+;mechanism
торможение ренин-ангиотензин-альдостеронов система;action
ухудшение контроль за ад;side_e
омепразол;prepare
метилдоп;prepare
судороги;side_e
повышение ад;side_e
синдром рейно;side_e
озноб;side_e
лимфаденопатия;side_e
желудочковый экстрасистолия;side_e
развитие ангионевротический отёк;side_e
судорожный расстройство;side_e
смертность;side_e
нейтропение;side_e
прямой расслаблять воздействие;mechanism
желудочковый тахикардия тип «пируэт»;side_e
изменение световосприятие;side_e
уменьшать;action
снижать постпрандиальный концентрация глюкоза в плазма кровь;action
действие антифибротический;action
симптоматический артериальный гипотензия;side_e
гликозид наперстянка;group
предотвращает отложение в ткань кристалл мочевой кислота;action
калийнесберегать диуретик;group
варфарин;prepare
внезапный остановка сердце;side_e
азотемия;side_e
прилив;side_e
боль в грудь;side_e
ортостатический эффект;side_e
ототоксический действие;side_e
расширять коронарный артерия;action
приапизм;side_e
повышение концентрация мочевина;side_e
желудочковый тахикардия;side_e
эректильная дисфункция;side_e
увеличение содержание ион калий в сыворотка;action
теразозин;prepare
уменьшать пред- и постнагрузка на сердце;action
преждевременная эякуляция;side_e
n24 проводимость гладкий мускулатура сосуд;None
повреждение почка;side_e
стоматит;side_e
бессимптомное увеличение концентрация печеночный фермент;side_e
уменьшение нагрузка на сердце;action
общий слабость;side_e
психотический реакция;side_e
пневмония;side_e
увеличение концентрация билирубин в сыворотка кровь;side_e
влияние на обратный захват нейронами норадреналин;mechanism
повышение или снижение ад;side_e
симпатомиметик;mechanism
аплазия;side_e
глюкокортикостероид;group
воспалительный реакция в желудок и кишечник;side_e
галлюцинация;side_e
снижать общий периферический сосудистый сопротивление;action
жкт плазма;absorbtion
боль в верхний и нижний конечность;side_e
мания;side_e
аллергический альвеолит;side_e
повышать экскреции гидрокабонат;action
повышение внутриклеточный концентрация ион кальций адренорецептор α;mechanism
травма;side_e
увеличение масса тело;side_e
псевдолимфома;side_e
боль в верхний отдел живот;side_e
яркий сон;side_e
этанол;prepare
крапивница;side_e
необратимый нарушение с сторона орган слух;side_e
повышение сократительный способность сердечный мышца;side_e
гипонатриемия;side_e
жкт почка;absorbtion
действие рвотное;action
повышение аппетита;side_e
тяжёлый остеомаляция;side_e
острый глаукома;side_e
повышение концентрация ангиотензин ii;action
урежение чсс;action
изменение тональность голос;side_e
острый сердечный недостаточность;side_e
периферический парез;side_e
ингибитор и индуктор изофермент cyp3a4;metabol
n24 сократительный способность гладкий мускулатура сосуд;None
ангионевротический отёк конечность, лицо, губа, слизистый оболочка, язык, глотка и гортань;side_e
тяжёлый метаболический ацидоз;side_e
нарушение функция почка;side_e
модулировать высвобождение эндотелиальный вазодилатируть фактор оксид азот;mechanism
замедлять метаболизм брадикинин;mechanism
токсический эпидермальный некролиз (синдром лайелл);side_e
ингибитор ангиотензинпревращать фермент (апф);group
индометацин;prepare
болезненность молочных железа;side_e
периферический вазодилатация;mechanism
глухота;side_e
увеличиваться активность ренин и содержание альдостерон;action
увеличение содержание калий;side_e
α1;mechanism
антидепрессант;group
ингибитор разрушение брадикинин;mechanism
маниакально-депрессивный синдром;side_e
грипп;side_e
изменение настроение;side_e
повышение скорость оседание эритроцит;side_e
миоклонус;side_e
беспорядочность мысль;side_e
уменьшение объём циркулировать кровь;mechanism
«нитратный» головной боль;side_e
желудочный-кишечный кровотечение;side_e
возбуждение;side_e
аллопуринол;prepare
силденафить;prepare
дизурия;side_e
приступ подагра;side_e
повышение уровня тиреотропного гормона;side_e
ингибировать апф;mechanism
мочеиспускание;side_e
ингибитор карбоангидраза;group
артериальный гипотензия;side_e
повышение частота сердечно-сосудистый заболеваемость;side_e
блокатор адренорецептор α1;mechanism
отёк лёгкий;side_e
регуляция артериальный давление;action
кожный реакция;side_e
повышение активность аланинаминотрансфераза (алта);side_e
действие противорвотный;action
устранять спазм бронхиол;action
синусит;side_e
энантема;side_e
снижение транспорт натрий внутрь клетка нервный клетка мозг;action
повышать чувствительность периферический рецептор;mechanism
застой в легкий;side_e
анафилактический реакция;side_e
эякуляция;side_e
блокатор «медленных» кальциевых каналов;mechanism
сенсорный нарушение;side_e
ингибирование глюконеогенез;mechanism
изменение внимание;side_e
амилорид;prepare
увеличивать позитивный ионный градиент;action
колебание масса тело;side_e
акинезия;side_e
повышение концентрация билирубин в кровь;side_e
антигипертензивный действие;mechanism
повышение активность калликреин-кининовой система ткань;mechanism
рецидив герпетический поражение губа;side_e
припухлость в область область сустав;side_e
повышение активности ренина;action
накопление брадикинин;mechanism
ацидоз;side_e
нарушение мочеиспускание;side_e
увеличение экскреция ион калий с моча и снижение содержание калий в кровь;action
печень;excretion
артралгия/артрит;side_e
риска перелом кость;side_e
помутнение зрение;side_e
выраженный снижение ад;side_e
слабость;side_e
гемолитический анемия;side_e
миелосупрессия;side_e
экзема;side_e
вызывает выведение;action
соль калий;prepare
уменьшение реабсорбция глюкоза в почка;mechanism
системный симптом;side_e
натрий ауротиомалат;prepare
чрезмерный снижение артериальный давление;side_e
антагонист рецептор ангиотензин ii 1 тип;mechanism
колхицин;prepare
снижение транспорт натрий внутрь клетка эпендимоцит сосудистый сплетение;action
эмпаглифлозин;prepare
влияние на обратный захват нейронами дофамин;mechanism
расстройство поведение;side_e
гиперплазия слизистый язык и десна;side_e
ингибитор апф и блокатор кальциевый канал;group
паросмий;side_e
увеличение содержание натрий и хлорид в моча;side_e
стенокардия;side_e
снижать желудочно-кишечный тракт моторика;action
диакарба;prepare
амиодарон;prepare
боль в область живот;side_e
снижение слух;side_e
предотвращать развитие отек их слизистый оболочка;action
кровотечение;side_e
диспепсический расстройство;side_e
диспепсический явление;side_e
средство для лечение заболевание сердце;group
кларитромицин;prepare
улучшать коронарный кровоток;action
повышать внутриклеточный концентрация циклический гуанозинмонофосфатаз;mechanism
токсический эффект;side_e
снижение аппетит;side_e
диспепсия;side_e
повышение содержание азот мочевина в плазма кровь;side_e
брадикардия;side_e
не влиять;action
аллергический альвеолит/эозинофильный пневмония;side_e
спиронолактон;prepare
парестезия и обморок;side_e
декомпенсация хсн;side_e
блокировать разрушение брадикинин;mechanism
нарушение сна;side_e
рентгеноконтрастный вещество;group
деперсонализация;side_e
функция почка (включая почечный недостаточность);side_e
снижение ад;side_e
носовое кровотечение;side_e
острый холангит;side_e
антимитотическим действием;mechanism
отсутствие аппетит;side_e
снижение концентрация в кровь и активность;action
желудочковый аритмия;side_e
дизопирамида;prepare
блокировка длинноцепочечный 3-кетоацил-коа-тиолаза;mechanism
флебит;side_e
ортостатический коллапс;side_e
увеличение общий периферический сосудистый сопротивление;action
гипотензивный действие;action
судорожный подёргивание мышца конечность и губа;side_e
периферический отёк;side_e
заболевание периферический сосуд;side_e
низкий аффинность рецептор 5ht1a;mechanism
ингибитор фермент, превращать ангиотензин i в ангиотензин ii;mechanism
усталость;side_e
способность дозозависимый урежения чсс;action
конверсионное расстройство;side_e
повышение активность калликреин-кининовый система циркулировать;mechanism
анальгетик;group
рвота;side_e
мышечный подергивание;side_e
спазм мышца;side_e
мефлохина;prepare
холодный пот;side_e
ибутилида;prepare
побочный эффект;noun
уменьшать опосредовать апф деградация брадикинин;mechanism
восстановление;mechanism
снижать внутриглазный давление;action
гемолиз;side_e
средство, действовать на ренин-ангиотензиновый система;group
увеличение вес;side_e
желтуха;side_e
увеличение объём моча;side_e
антиаритмический;action
ощущение покалывание в конечность;side_e
синергичный отрицательный инотропный действие;side_e
алопеция;side_e
нитрат;group
противоподагрическое действие;mechanism
ингибирование if-канал синусовый узел;mechanism
повышение активность калликреин-кининовый система;mechanism
судорога;side_e
миелосупрессивный действие;side_e
средство для лечение сахарный диабет;group
зрительный расстройство;side_e
быть незначительный и клинически незначимый;noun
образование конкремент в почка;side_e
снижать экскреция мочевой кислота почка;mechanism
боль в спина мочеиспускание;side_e
миопатия;side_e
инфаркт миокарда;side_e
другой вид сыпь;side_e
к-тримоксазол;prepare
воспаление лимфатический узел;side_e
снижать постнагрузка;action
напоминать злокачественный нейролептический синдром;side_e
высвобождать из свой молекула оксид азот;mechanism
боль в животе;side_e
симптоматический постуральный гипотензия;side_e
нефротоксический;side_e
эозинофильный пневмония;side_e
снижать продукция внутриглазный жидкость;action
ингибировать индуцированное антигенами высвобождение лейкотриенов;action
альдостерон в сыворотка кровь;mechanism
увеличение внутриклеточный содержание ион натрий;action
добутамин;prepare
«приливы» крови к коже лица;side_e
буллезный дерматит;side_e
на время проведение импульс по предсердно-желудочковый или внутрижелудочковый проводить путь;noun
повреждать воздействие на сердце и нервный система;side_e
гематурия;side_e
серьёзный неврологический нарушение;side_e
низкий аффинность рецептор опиоидный;mechanism
повышение концентрация ион калий сыворотка кровь;action
тревожный расстройство;side_e
снижение содержание натрий сыворотка кровь;side_e
очень слабый ингибитор данный цитохром;metabol
гипертрансаминаземия;side_e
цианоз;side_e
протеинурия;side_e
системный головокружение;side_e
апластический анемия;side_e
повышение активность «печёночный» трансаминаза;side_e
замедление атриовентрикулярный проводимость;mechanism
цефалгия;side_e
усиливать перфузия почка;action
нечёткость зрение;side_e
гемостаз;side_e
уменьшать общий ишемический нагрузка;mechanism
уменьшение скорость проведение импульс через атриовентрикулярный узел;action
утяжеление течение псориаз;side_e
повышать автоматизм миокард;action
шок;side_e
гипертонус;side_e
кортикостероид;hormone
активация простагландиновая система;mechanism
снижение общий периферический сосудистый сопротивление;action
коллапс;side_e
интерстициальный нефрит;side_e
снижать почечный кровоток;action
стимулировать действие α-адренорецептор;mechanism
неврит;side_e
поражение почек;side_e
снижаться конечный объём сердце диастолический;action
ощущение аритмия;side_e
желудочный-кишечный тракт;absorbtion
сократительный способность миокард (не вызывать отрицательный инотропный эффект);noun
повышение чувствительность кардиопульмональный барорецептор;mechanism
на внутрисердечный проводимость;noun
внутримышечный;absorbtion
тяжелый реакция гиперчувствительность;side_e
увеличение активность ренин плазма кровь;mechanism
олигурия;side_e
эозинофилия;side_e
гипотензия;side_e
ишемический нарушение;side_e
гиперкальциемия;side_e
увеличивать потребность миокард в кислород;action
препятствовать развитие амилоидоз;action
нейтропения;side_e
увеличение синтез простагландин;action
повреждение печень;side_e
увеличение количество пептид натрийуретический пептид (НУП);action
уменьшать деградация брадикинин;mechanism
реакция гиперчувствительность;side_e
повышение экспозиция;action
выраженный снижение артериальный давление;side_e
лансопразол;prepare
удлинение время атриовентрикулярный проведение;side_e
гиперчувствительность;side_e
низкий аффинность рецептор адренорецептор α2;mechanism
сахарный диабет;side_e
нарушение зрение;side_e
локальная медикаментозная сыпь;side_e
расстройство аппетит;side_e
потеря сознание;side_e
ингибитор фосфодиэстераза-5;group
снижать базальный концентрация глюкоза в плазма кровь;action
не оказывать существенный влияние;action
мелить;side_e
обильный потоотделение;side_e
блокировать;action
снижение масса тело;side_e
тахикардия;side_e
снижение концентрация ангиотензин ii в кровь;action
расстройство сон;side_e
блокировать система транспорт ион в толстой сегмент восходить колено петля генль сl-;mechanism
желудочный-кишечный тракт;metabol
апатия;side_e
пилоэрекция;side_e
гипогликемия;side_e
как минимум в течение 1 год;noun
антагонист альдостерон;group
дипептидилкарбоксидипептидаза i;noun
гипокалиемия;side_e
тремор вкусовой ощущение;side_e
амнезия;side_e
обморочный состояние;side_e
снижение внимание;side_e
психотический состояние;side_e
экзантема;side_e
боль в область грудной клетка;side_e
урежение чсс;mechanism
снижение преднагрузка;mechanism
ингибирование апф;mechanism
тяжёлый периферический и висцеральный ангиоспазм;side_e
снижение артериальный давление (ад);action
повышение концентрация креатинин и билирубин в сыворотка кровь;side_e
некардиогенный отёк лёгкий;side_e
снижение потребность миокард в кислород;action
уменьшение избыток внутриклеточный ион кальций;action
изменение вкус;side_e
кардиогенный шок;side_e
нарушение сон;side_e
ангионевротический отёк;side_e
ацетилсалициловый кислота;prepare
сексуальный дисфункция;side_e
шизофреноподобный расстройство;side_e
пемфигоид;side_e
увеличение auc;action
азоспермия;side_e
агонистом опиоидных рецепторов;mechanism
повышение конечный диастолический давление в левый желудочек;side_e
почечный и мочеточниковый колика;side_e
немеланомный рак кожа и губа;side_e
трансмембранный перенос ион калий;action
оказывать положительный инотропный действие;action
понижать избыточный отрицательный заряд;action
снижаться опсс;action
инсульт;side_e
увеличиваться выведение ион кальций;action
повышение артериальный давление;action
усиление выведение ион калий;action
"повышение активность ""печеночный"" трансаминаз";side_e
повышать проводимость миокард;action
кровотечение из желудочно-кишечный тракт;side_e
усиление симптом вазодилатация;side_e
повышение артериальный давление систолический;action
необычный сновидение;side_e
бепридить;prepare
стимулировать действие β-адренорецептор;mechanism
ангионевротический отёк кишечник;side_e
повышение концентрация холестерин или триглицерид;side_e
подавление автоматизм сердце;mechanism
ингибировать индуцированное антигенами высвобождение гистамина;action
блокада рецептор к ангиотезин ii 1-го тип (AT1);mechanism
катехол-О-метилтрансфераза;metabol
эмоциональный неустойчивость;side_e
ишемический инсульт;side_e
дозозависимый стимуляция ренин ангиотензин альдостороновый система;mechanism
метгемоглобинемия;side_e
эпинефрин;prepare
атаксия;side_e
снижать канальцевый реабсорбция натрий;action
мочь повышать риск развитие ангионевротический отёк;side_e
снижать сосудистый сопротивление в почка;action
бронхоспазм;side_e
повышение содержание ион кальций;action
псевдосиндром барттер;side_e
метроррагия;side_e
снижение гемоглобин и гематокрит;side_e
лацидипин;prepare
язва желудок и двенадцатиперстный кишка;side_e
пища;absorbtion
